{
    "name": "root",
    "gauges": {
        "DodgeBall.Policy.Entropy.mean": {
            "value": 1.5096913576126099,
            "min": 1.5096913576126099,
            "max": 1.5096913576126099,
            "count": 1
        },
        "DodgeBall.Policy.Entropy.sum": {
            "value": 111324.640625,
            "min": 111324.640625,
            "max": 111324.640625,
            "count": 1
        },
        "DodgeBall.Step.mean": {
            "value": 2649951.0,
            "min": 2649951.0,
            "max": 2649951.0,
            "count": 1
        },
        "DodgeBall.Step.sum": {
            "value": 2649951.0,
            "min": 2649951.0,
            "max": 2649951.0,
            "count": 1
        },
        "DodgeBall.Policy.ExtrinsicValueEstimate.mean": {
            "value": 0.005507780704647303,
            "min": 0.005507780704647303,
            "max": 0.005507780704647303,
            "count": 1
        },
        "DodgeBall.Policy.ExtrinsicValueEstimate.sum": {
            "value": 3.2220516204833984,
            "min": 3.2220516204833984,
            "max": 3.2220516204833984,
            "count": 1
        },
        "DodgeBall.Policy.GailValueEstimate.mean": {
            "value": 0.004851707257330418,
            "min": 0.004851707257330418,
            "max": 0.004851707257330418,
            "count": 1
        },
        "DodgeBall.Policy.GailValueEstimate.sum": {
            "value": 2.8382487297058105,
            "min": 2.8382487297058105,
            "max": 2.8382487297058105,
            "count": 1
        },
        "DodgeBall.Environment.EpisodeLength.mean": {
            "value": 1196.7692307692307,
            "min": 1196.7692307692307,
            "max": 1196.7692307692307,
            "count": 1
        },
        "DodgeBall.Environment.EpisodeLength.sum": {
            "value": 62232.0,
            "min": 62232.0,
            "max": 62232.0,
            "count": 1
        },
        "DodgeBall.Self-play.ELO.mean": {
            "value": 1200.0,
            "min": 1200.0,
            "max": 1200.0,
            "count": 1
        },
        "DodgeBall.Self-play.ELO.sum": {
            "value": 22800.0,
            "min": 22800.0,
            "max": 22800.0,
            "count": 1
        },
        "DodgeBall.Environment.CumulativeReward.mean": {
            "value": 0.630769224694142,
            "min": 0.630769224694142,
            "max": 0.630769224694142,
            "count": 1
        },
        "DodgeBall.Environment.CumulativeReward.sum": {
            "value": 16.39999984204769,
            "min": 16.39999984204769,
            "max": 16.39999984204769,
            "count": 1
        },
        "DodgeBall.Policy.ExtrinsicReward.mean": {
            "value": 0.630769224694142,
            "min": 0.630769224694142,
            "max": 0.630769224694142,
            "count": 1
        },
        "DodgeBall.Policy.ExtrinsicReward.sum": {
            "value": 16.39999984204769,
            "min": 16.39999984204769,
            "max": 16.39999984204769,
            "count": 1
        },
        "DodgeBall.Policy.GailReward.mean": {
            "value": 0.10615694600014346,
            "min": 0.10615694600014346,
            "max": 0.10615694600014346,
            "count": 1
        },
        "DodgeBall.Policy.GailReward.sum": {
            "value": 2.76008059600373,
            "min": 2.76008059600373,
            "max": 2.76008059600373,
            "count": 1
        },
        "DodgeBall.Losses.PolicyLoss.mean": {
            "value": 0.014474393047081927,
            "min": 0.014474393047081927,
            "max": 0.014474393047081927,
            "count": 1
        },
        "DodgeBall.Losses.PolicyLoss.sum": {
            "value": 0.014474393047081927,
            "min": 0.014474393047081927,
            "max": 0.014474393047081927,
            "count": 1
        },
        "DodgeBall.Losses.ValueLoss.mean": {
            "value": 0.013687248155474663,
            "min": 0.013687248155474663,
            "max": 0.013687248155474663,
            "count": 1
        },
        "DodgeBall.Losses.ValueLoss.sum": {
            "value": 0.013687248155474663,
            "min": 0.013687248155474663,
            "max": 0.013687248155474663,
            "count": 1
        },
        "DodgeBall.Policy.LearningRate.mean": {
            "value": 8.683036669764997e-06,
            "min": 8.683036669764997e-06,
            "max": 8.683036669764997e-06,
            "count": 1
        },
        "DodgeBall.Policy.LearningRate.sum": {
            "value": 8.683036669764997e-06,
            "min": 8.683036669764997e-06,
            "max": 8.683036669764997e-06,
            "count": 1
        },
        "DodgeBall.Policy.Epsilon.mean": {
            "value": 0.1868302350000001,
            "min": 0.1868302350000001,
            "max": 0.1868302350000001,
            "count": 1
        },
        "DodgeBall.Policy.Epsilon.sum": {
            "value": 0.1868302350000001,
            "min": 0.1868302350000001,
            "max": 0.1868302350000001,
            "count": 1
        },
        "DodgeBall.Policy.Beta.mean": {
            "value": 0.0005000000000000001,
            "min": 0.0005000000000000001,
            "max": 0.0005000000000000001,
            "count": 1
        },
        "DodgeBall.Policy.Beta.sum": {
            "value": 0.0005000000000000001,
            "min": 0.0005000000000000001,
            "max": 0.0005000000000000001,
            "count": 1
        },
        "DodgeBall.Policy.GAILPolicyEstimate.mean": {
            "value": 7.769186123110691e-05,
            "min": 7.769186123110691e-05,
            "max": 7.769186123110691e-05,
            "count": 1
        },
        "DodgeBall.Policy.GAILPolicyEstimate.sum": {
            "value": 7.769186123110691e-05,
            "min": 7.769186123110691e-05,
            "max": 7.769186123110691e-05,
            "count": 1
        },
        "DodgeBall.Policy.GAILExpertEstimate.mean": {
            "value": 0.999918399254481,
            "min": 0.999918399254481,
            "max": 0.999918399254481,
            "count": 1
        },
        "DodgeBall.Policy.GAILExpertEstimate.sum": {
            "value": 0.999918399254481,
            "min": 0.999918399254481,
            "max": 0.999918399254481,
            "count": 1
        },
        "DodgeBall.Losses.GAILLoss.mean": {
            "value": 0.00020865878855147457,
            "min": 0.00020865878855147457,
            "max": 0.00020865878855147457,
            "count": 1
        },
        "DodgeBall.Losses.GAILLoss.sum": {
            "value": 0.00020865878855147457,
            "min": 0.00020865878855147457,
            "max": 0.00020865878855147457,
            "count": 1
        },
        "DodgeBall.Policy.GAILGradMagLoss.mean": {
            "value": 9.993677139282227,
            "min": 9.993677139282227,
            "max": 9.993677139282227,
            "count": 1
        },
        "DodgeBall.Policy.GAILGradMagLoss.sum": {
            "value": 9.993677139282227,
            "min": 9.993677139282227,
            "max": 9.993677139282227,
            "count": 1
        },
        "DodgeBall.Losses.PretrainingLoss.mean": {
            "value": 1.0241344107521906,
            "min": 1.0241344107521906,
            "max": 1.0241344107521906,
            "count": 1
        },
        "DodgeBall.Losses.PretrainingLoss.sum": {
            "value": 1.0241344107521906,
            "min": 1.0241344107521906,
            "max": 1.0241344107521906,
            "count": 1
        },
        "DodgeBall.IsTraining.mean": {
            "value": 1.0,
            "min": 1.0,
            "max": 1.0,
            "count": 1
        },
        "DodgeBall.IsTraining.sum": {
            "value": 1.0,
            "min": 1.0,
            "max": 1.0,
            "count": 1
        }
    },
    "metadata": {
        "timer_format_version": "0.1.0",
        "start_time_seconds": "1700324004",